"V1","V2"
"Bmi1","Actb"
"Bmp4","Actb"
"Bmp4","Bmi1"
"Bmp7","Actb"
"Bmp7","Bmi1"
"Bmp7","Bmp4"
"Bmpr1a","Actb"
"Bmpr1a","Bmi1"
"Bmpr1a","Bmp4"
"Bmpr1a","Bmp7"
"Cd34","Actb"
"Cd34","Bmi1"
"Cd34","Bmp4"
"Cd34","Bmp7"
"Cd34","Bmpr1a"
"Cdh2","Actb"
"Cdh2","Bmi1"
"Cdh2","Bmp4"
"Cdh2","Bmp7"
"Cdh2","Bmpr1a"
"Cdh2","Cd34"
"Cdk2","Actb"
"Cdk2","Bmi1"
"Cdk2","Bmp4"
"Cdk2","Bmp7"
"Cdk2","Bmpr1a"
"Cdk2","Cd34"
"Cdk2","Cdh2"
"Cldn6","Actb"
"Cldn6","Bmi1"
"Cldn6","Bmp4"
"Cldn6","Bmp7"
"Cldn6","Bmpr1a"
"Cldn6","Cd34"
"Cldn6","Cdh2"
"Cldn6","Cdk2"
"Ctcf","Actb"
"Ctcf","Bmi1"
"Ctcf","Bmp4"
"Ctcf","Bmp7"
"Ctcf","Bmpr1a"
"Ctcf","Cd34"
"Ctcf","Cdh2"
"Ctcf","Cdk2"
"Ctcf","Cldn6"
"Ctnnb1","Actb"
"Ctnnb1","Bmi1"
"Ctnnb1","Bmp4"
"Ctnnb1","Bmp7"
"Ctnnb1","Bmpr1a"
"Ctnnb1","Cd34"
"Ctnnb1","Cdh2"
"Ctnnb1","Cdk2"
"Ctnnb1","Cldn6"
"Ctnnb1","Ctcf"
"Dnmt1","Actb"
"Dnmt1","Bmi1"
"Dnmt1","Bmp4"
"Dnmt1","Bmp7"
"Dnmt1","Bmpr1a"
"Dnmt1","Cd34"
"Dnmt1","Cdh2"
"Dnmt1","Cdk2"
"Dnmt1","Cldn6"
"Dnmt1","Ctcf"
"Dnmt1","Ctnnb1"
"Dnmt3b","Actb"
"Dnmt3b","Bmi1"
"Dnmt3b","Bmp4"
"Dnmt3b","Bmp7"
"Dnmt3b","Bmpr1a"
"Dnmt3b","Cd34"
"Dnmt3b","Cdh2"
"Dnmt3b","Cdk2"
"Dnmt3b","Cldn6"
"Dnmt3b","Ctcf"
"Dnmt3b","Ctnnb1"
"Dnmt3b","Dnmt1"
"Dppa4","Actb"
"Dppa4","Bmi1"
"Dppa4","Bmp4"
"Dppa4","Bmp7"
"Dppa4","Bmpr1a"
"Dppa4","Cd34"
"Dppa4","Cdh2"
"Dppa4","Cdk2"
"Dppa4","Cldn6"
"Dppa4","Ctcf"
"Dppa4","Ctnnb1"
"Dppa4","Dnmt1"
"Dppa4","Dnmt3b"
"Eomes","Actb"
"Eomes","Bmi1"
"Eomes","Bmp4"
"Eomes","Bmp7"
"Eomes","Bmpr1a"
"Eomes","Cd34"
"Eomes","Cdh2"
"Eomes","Cdk2"
"Eomes","Cldn6"
"Eomes","Ctcf"
"Eomes","Ctnnb1"
"Eomes","Dnmt1"
"Eomes","Dnmt3b"
"Eomes","Dppa4"
"Esrrb","Actb"
"Esrrb","Bmi1"
"Esrrb","Bmp4"
"Esrrb","Bmp7"
"Esrrb","Bmpr1a"
"Esrrb","Cd34"
"Esrrb","Cdh2"
"Esrrb","Cdk2"
"Esrrb","Cldn6"
"Esrrb","Ctcf"
"Esrrb","Ctnnb1"
"Esrrb","Dnmt1"
"Esrrb","Dnmt3b"
"Esrrb","Dppa4"
"Esrrb","Eomes"
"Ezh2","Actb"
"Ezh2","Bmi1"
"Ezh2","Bmp4"
"Ezh2","Bmp7"
"Ezh2","Bmpr1a"
"Ezh2","Cd34"
"Ezh2","Cdh2"
"Ezh2","Cdk2"
"Ezh2","Cldn6"
"Ezh2","Ctcf"
"Ezh2","Ctnnb1"
"Ezh2","Dnmt1"
"Ezh2","Dnmt3b"
"Ezh2","Dppa4"
"Ezh2","Eomes"
"Ezh2","Esrrb"
"Fbxo15","Actb"
"Fbxo15","Bmi1"
"Fbxo15","Bmp4"
"Fbxo15","Bmp7"
"Fbxo15","Bmpr1a"
"Fbxo15","Cd34"
"Fbxo15","Cdh2"
"Fbxo15","Cdk2"
"Fbxo15","Cldn6"
"Fbxo15","Ctcf"
"Fbxo15","Ctnnb1"
"Fbxo15","Dnmt1"
"Fbxo15","Dnmt3b"
"Fbxo15","Dppa4"
"Fbxo15","Eomes"
"Fbxo15","Esrrb"
"Fbxo15","Ezh2"
"Fgf4","Actb"
"Fgf4","Bmi1"
"Fgf4","Bmp4"
"Fgf4","Bmp7"
"Fgf4","Bmpr1a"
"Fgf4","Cd34"
"Fgf4","Cdh2"
"Fgf4","Cdk2"
"Fgf4","Cldn6"
"Fgf4","Ctcf"
"Fgf4","Ctnnb1"
"Fgf4","Dnmt1"
"Fgf4","Dnmt3b"
"Fgf4","Dppa4"
"Fgf4","Eomes"
"Fgf4","Esrrb"
"Fgf4","Ezh2"
"Fgf4","Fbxo15"
"Fgf5","Actb"
"Fgf5","Bmi1"
"Fgf5","Bmp4"
"Fgf5","Bmp7"
"Fgf5","Bmpr1a"
"Fgf5","Cd34"
"Fgf5","Cdh2"
"Fgf5","Cdk2"
"Fgf5","Cldn6"
"Fgf5","Ctcf"
"Fgf5","Ctnnb1"
"Fgf5","Dnmt1"
"Fgf5","Dnmt3b"
"Fgf5","Dppa4"
"Fgf5","Eomes"
"Fgf5","Esrrb"
"Fgf5","Ezh2"
"Fgf5","Fbxo15"
"Fgf5","Fgf4"
"Fgfr2","Actb"
"Fgfr2","Bmi1"
"Fgfr2","Bmp4"
"Fgfr2","Bmp7"
"Fgfr2","Bmpr1a"
"Fgfr2","Cd34"
"Fgfr2","Cdh2"
"Fgfr2","Cdk2"
"Fgfr2","Cldn6"
"Fgfr2","Ctcf"
"Fgfr2","Ctnnb1"
"Fgfr2","Dnmt1"
"Fgfr2","Dnmt3b"
"Fgfr2","Dppa4"
"Fgfr2","Eomes"
"Fgfr2","Esrrb"
"Fgfr2","Ezh2"
"Fgfr2","Fbxo15"
"Fgfr2","Fgf4"
"Fgfr2","Fgf5"
"Foxa2","Actb"
"Foxa2","Bmi1"
"Foxa2","Bmp4"
"Foxa2","Bmp7"
"Foxa2","Bmpr1a"
"Foxa2","Cd34"
"Foxa2","Cdh2"
"Foxa2","Cdk2"
"Foxa2","Cldn6"
"Foxa2","Ctcf"
"Foxa2","Ctnnb1"
"Foxa2","Dnmt1"
"Foxa2","Dnmt3b"
"Foxa2","Dppa4"
"Foxa2","Eomes"
"Foxa2","Esrrb"
"Foxa2","Ezh2"
"Foxa2","Fbxo15"
"Foxa2","Fgf4"
"Foxa2","Fgf5"
"Foxa2","Fgfr2"
"Gapdh","Actb"
"Gapdh","Bmi1"
"Gapdh","Bmp4"
"Gapdh","Bmp7"
"Gapdh","Bmpr1a"
"Gapdh","Cd34"
"Gapdh","Cdh2"
"Gapdh","Cdk2"
"Gapdh","Cldn6"
"Gapdh","Ctcf"
"Gapdh","Ctnnb1"
"Gapdh","Dnmt1"
"Gapdh","Dnmt3b"
"Gapdh","Dppa4"
"Gapdh","Eomes"
"Gapdh","Esrrb"
"Gapdh","Ezh2"
"Gapdh","Fbxo15"
"Gapdh","Fgf4"
"Gapdh","Fgf5"
"Gapdh","Fgfr2"
"Gapdh","Foxa2"
"Gdf3","Actb"
"Gdf3","Bmi1"
"Gdf3","Bmp4"
"Gdf3","Bmp7"
"Gdf3","Bmpr1a"
"Gdf3","Cd34"
"Gdf3","Cdh2"
"Gdf3","Cdk2"
"Gdf3","Cldn6"
"Gdf3","Ctcf"
"Gdf3","Ctnnb1"
"Gdf3","Dnmt1"
"Gdf3","Dnmt3b"
"Gdf3","Dppa4"
"Gdf3","Eomes"
"Gdf3","Esrrb"
"Gdf3","Ezh2"
"Gdf3","Fbxo15"
"Gdf3","Fgf4"
"Gdf3","Fgf5"
"Gdf3","Fgfr2"
"Gdf3","Foxa2"
"Gdf3","Gapdh"
"Gli2","Actb"
"Gli2","Bmi1"
"Gli2","Bmp4"
"Gli2","Bmp7"
"Gli2","Bmpr1a"
"Gli2","Cd34"
"Gli2","Cdh2"
"Gli2","Cdk2"
"Gli2","Cldn6"
"Gli2","Ctcf"
"Gli2","Ctnnb1"
"Gli2","Dnmt1"
"Gli2","Dnmt3b"
"Gli2","Dppa4"
"Gli2","Eomes"
"Gli2","Esrrb"
"Gli2","Ezh2"
"Gli2","Fbxo15"
"Gli2","Fgf4"
"Gli2","Fgf5"
"Gli2","Fgfr2"
"Gli2","Foxa2"
"Gli2","Gapdh"
"Gli2","Gdf3"
"Grb2","Actb"
"Grb2","Bmi1"
"Grb2","Bmp4"
"Grb2","Bmp7"
"Grb2","Bmpr1a"
"Grb2","Cd34"
"Grb2","Cdh2"
"Grb2","Cdk2"
"Grb2","Cldn6"
"Grb2","Ctcf"
"Grb2","Ctnnb1"
"Grb2","Dnmt1"
"Grb2","Dnmt3b"
"Grb2","Dppa4"
"Grb2","Eomes"
"Grb2","Esrrb"
"Grb2","Ezh2"
"Grb2","Fbxo15"
"Grb2","Fgf4"
"Grb2","Fgf5"
"Grb2","Fgfr2"
"Grb2","Foxa2"
"Grb2","Gapdh"
"Grb2","Gdf3"
"Grb2","Gli2"
"Gsk3b","Actb"
"Gsk3b","Bmi1"
"Gsk3b","Bmp4"
"Gsk3b","Bmp7"
"Gsk3b","Bmpr1a"
"Gsk3b","Cd34"
"Gsk3b","Cdh2"
"Gsk3b","Cdk2"
"Gsk3b","Cldn6"
"Gsk3b","Ctcf"
"Gsk3b","Ctnnb1"
"Gsk3b","Dnmt1"
"Gsk3b","Dnmt3b"
"Gsk3b","Dppa4"
"Gsk3b","Eomes"
"Gsk3b","Esrrb"
"Gsk3b","Ezh2"
"Gsk3b","Fbxo15"
"Gsk3b","Fgf4"
"Gsk3b","Fgf5"
"Gsk3b","Fgfr2"
"Gsk3b","Foxa2"
"Gsk3b","Gapdh"
"Gsk3b","Gdf3"
"Gsk3b","Gli2"
"Gsk3b","Grb2"
"Hdac1","Actb"
"Hdac1","Bmi1"
"Hdac1","Bmp4"
"Hdac1","Bmp7"
"Hdac1","Bmpr1a"
"Hdac1","Cd34"
"Hdac1","Cdh2"
"Hdac1","Cdk2"
"Hdac1","Cldn6"
"Hdac1","Ctcf"
"Hdac1","Ctnnb1"
"Hdac1","Dnmt1"
"Hdac1","Dnmt3b"
"Hdac1","Dppa4"
"Hdac1","Eomes"
"Hdac1","Esrrb"
"Hdac1","Ezh2"
"Hdac1","Fbxo15"
"Hdac1","Fgf4"
"Hdac1","Fgf5"
"Hdac1","Fgfr2"
"Hdac1","Foxa2"
"Hdac1","Gapdh"
"Hdac1","Gdf3"
"Hdac1","Gli2"
"Hdac1","Grb2"
"Hdac1","Gsk3b"
"Hes1","Actb"
"Hes1","Bmi1"
"Hes1","Bmp4"
"Hes1","Bmp7"
"Hes1","Bmpr1a"
"Hes1","Cd34"
"Hes1","Cdh2"
"Hes1","Cdk2"
"Hes1","Cldn6"
"Hes1","Ctcf"
"Hes1","Ctnnb1"
"Hes1","Dnmt1"
"Hes1","Dnmt3b"
"Hes1","Dppa4"
"Hes1","Eomes"
"Hes1","Esrrb"
"Hes1","Ezh2"
"Hes1","Fbxo15"
"Hes1","Fgf4"
"Hes1","Fgf5"
"Hes1","Fgfr2"
"Hes1","Foxa2"
"Hes1","Gapdh"
"Hes1","Gdf3"
"Hes1","Gli2"
"Hes1","Grb2"
"Hes1","Gsk3b"
"Hes1","Hdac1"
"Igf2","Actb"
"Igf2","Bmi1"
"Igf2","Bmp4"
"Igf2","Bmp7"
"Igf2","Bmpr1a"
"Igf2","Cd34"
"Igf2","Cdh2"
"Igf2","Cdk2"
"Igf2","Cldn6"
"Igf2","Ctcf"
"Igf2","Ctnnb1"
"Igf2","Dnmt1"
"Igf2","Dnmt3b"
"Igf2","Dppa4"
"Igf2","Eomes"
"Igf2","Esrrb"
"Igf2","Ezh2"
"Igf2","Fbxo15"
"Igf2","Fgf4"
"Igf2","Fgf5"
"Igf2","Fgfr2"
"Igf2","Foxa2"
"Igf2","Gapdh"
"Igf2","Gdf3"
"Igf2","Gli2"
"Igf2","Grb2"
"Igf2","Gsk3b"
"Igf2","Hdac1"
"Igf2","Hes1"
"Jag1","Actb"
"Jag1","Bmi1"
"Jag1","Bmp4"
"Jag1","Bmp7"
"Jag1","Bmpr1a"
"Jag1","Cd34"
"Jag1","Cdh2"
"Jag1","Cdk2"
"Jag1","Cldn6"
"Jag1","Ctcf"
"Jag1","Ctnnb1"
"Jag1","Dnmt1"
"Jag1","Dnmt3b"
"Jag1","Dppa4"
"Jag1","Eomes"
"Jag1","Esrrb"
"Jag1","Ezh2"
"Jag1","Fbxo15"
"Jag1","Fgf4"
"Jag1","Fgf5"
"Jag1","Fgfr2"
"Jag1","Foxa2"
"Jag1","Gapdh"
"Jag1","Gdf3"
"Jag1","Gli2"
"Jag1","Grb2"
"Jag1","Gsk3b"
"Jag1","Hdac1"
"Jag1","Hes1"
"Jag1","Igf2"
"Jarid2","Actb"
"Jarid2","Bmi1"
"Jarid2","Bmp4"
"Jarid2","Bmp7"
"Jarid2","Bmpr1a"
"Jarid2","Cd34"
"Jarid2","Cdh2"
"Jarid2","Cdk2"
"Jarid2","Cldn6"
"Jarid2","Ctcf"
"Jarid2","Ctnnb1"
"Jarid2","Dnmt1"
"Jarid2","Dnmt3b"
"Jarid2","Dppa4"
"Jarid2","Eomes"
"Jarid2","Esrrb"
"Jarid2","Ezh2"
"Jarid2","Fbxo15"
"Jarid2","Fgf4"
"Jarid2","Fgf5"
"Jarid2","Fgfr2"
"Jarid2","Foxa2"
"Jarid2","Gapdh"
"Jarid2","Gdf3"
"Jarid2","Gli2"
"Jarid2","Grb2"
"Jarid2","Gsk3b"
"Jarid2","Hdac1"
"Jarid2","Hes1"
"Jarid2","Igf2"
"Jarid2","Jag1"
"Kdm1a","Actb"
"Kdm1a","Bmi1"
"Kdm1a","Bmp4"
"Kdm1a","Bmp7"
"Kdm1a","Bmpr1a"
"Kdm1a","Cd34"
"Kdm1a","Cdh2"
"Kdm1a","Cdk2"
"Kdm1a","Cldn6"
"Kdm1a","Ctcf"
"Kdm1a","Ctnnb1"
"Kdm1a","Dnmt1"
"Kdm1a","Dnmt3b"
"Kdm1a","Dppa4"
"Kdm1a","Eomes"
"Kdm1a","Esrrb"
"Kdm1a","Ezh2"
"Kdm1a","Fbxo15"
"Kdm1a","Fgf4"
"Kdm1a","Fgf5"
"Kdm1a","Fgfr2"
"Kdm1a","Foxa2"
"Kdm1a","Gapdh"
"Kdm1a","Gdf3"
"Kdm1a","Gli2"
"Kdm1a","Grb2"
"Kdm1a","Gsk3b"
"Kdm1a","Hdac1"
"Kdm1a","Hes1"
"Kdm1a","Igf2"
"Kdm1a","Jag1"
"Kdm1a","Jarid2"
"Kdm4c","Actb"
"Kdm4c","Bmi1"
"Kdm4c","Bmp4"
"Kdm4c","Bmp7"
"Kdm4c","Bmpr1a"
"Kdm4c","Cd34"
"Kdm4c","Cdh2"
"Kdm4c","Cdk2"
"Kdm4c","Cldn6"
"Kdm4c","Ctcf"
"Kdm4c","Ctnnb1"
"Kdm4c","Dnmt1"
"Kdm4c","Dnmt3b"
"Kdm4c","Dppa4"
"Kdm4c","Eomes"
"Kdm4c","Esrrb"
"Kdm4c","Ezh2"
"Kdm4c","Fbxo15"
"Kdm4c","Fgf4"
"Kdm4c","Fgf5"
"Kdm4c","Fgfr2"
"Kdm4c","Foxa2"
"Kdm4c","Gapdh"
"Kdm4c","Gdf3"
"Kdm4c","Gli2"
"Kdm4c","Grb2"
"Kdm4c","Gsk3b"
"Kdm4c","Hdac1"
"Kdm4c","Hes1"
"Kdm4c","Igf2"
"Kdm4c","Jag1"
"Kdm4c","Jarid2"
"Kdm4c","Kdm1a"
"Klf4","Actb"
"Klf4","Bmi1"
"Klf4","Bmp4"
"Klf4","Bmp7"
"Klf4","Bmpr1a"
"Klf4","Cd34"
"Klf4","Cdh2"
"Klf4","Cdk2"
"Klf4","Cldn6"
"Klf4","Ctcf"
"Klf4","Ctnnb1"
"Klf4","Dnmt1"
"Klf4","Dnmt3b"
"Klf4","Dppa4"
"Klf4","Eomes"
"Klf4","Esrrb"
"Klf4","Ezh2"
"Klf4","Fbxo15"
"Klf4","Fgf4"
"Klf4","Fgf5"
"Klf4","Fgfr2"
"Klf4","Foxa2"
"Klf4","Gapdh"
"Klf4","Gdf3"
"Klf4","Gli2"
"Klf4","Grb2"
"Klf4","Gsk3b"
"Klf4","Hdac1"
"Klf4","Hes1"
"Klf4","Igf2"
"Klf4","Jag1"
"Klf4","Jarid2"
"Klf4","Kdm1a"
"Klf4","Kdm4c"
"Lif","Actb"
"Lif","Bmi1"
"Lif","Bmp4"
"Lif","Bmp7"
"Lif","Bmpr1a"
"Lif","Cd34"
"Lif","Cdh2"
"Lif","Cdk2"
"Lif","Cldn6"
"Lif","Ctcf"
"Lif","Ctnnb1"
"Lif","Dnmt1"
"Lif","Dnmt3b"
"Lif","Dppa4"
"Lif","Eomes"
"Lif","Esrrb"
"Lif","Ezh2"
"Lif","Fbxo15"
"Lif","Fgf4"
"Lif","Fgf5"
"Lif","Fgfr2"
"Lif","Foxa2"
"Lif","Gapdh"
"Lif","Gdf3"
"Lif","Gli2"
"Lif","Grb2"
"Lif","Gsk3b"
"Lif","Hdac1"
"Lif","Hes1"
"Lif","Igf2"
"Lif","Jag1"
"Lif","Jarid2"
"Lif","Kdm1a"
"Lif","Kdm4c"
"Lif","Klf4"
"Lifr","Actb"
"Lifr","Bmi1"
"Lifr","Bmp4"
"Lifr","Bmp7"
"Lifr","Bmpr1a"
"Lifr","Cd34"
"Lifr","Cdh2"
"Lifr","Cdk2"
"Lifr","Cldn6"
"Lifr","Ctcf"
"Lifr","Ctnnb1"
"Lifr","Dnmt1"
"Lifr","Dnmt3b"
"Lifr","Dppa4"
"Lifr","Eomes"
"Lifr","Esrrb"
"Lifr","Ezh2"
"Lifr","Fbxo15"
"Lifr","Fgf4"
"Lifr","Fgf5"
"Lifr","Fgfr2"
"Lifr","Foxa2"
"Lifr","Gapdh"
"Lifr","Gdf3"
"Lifr","Gli2"
"Lifr","Grb2"
"Lifr","Gsk3b"
"Lifr","Hdac1"
"Lifr","Hes1"
"Lifr","Igf2"
"Lifr","Jag1"
"Lifr","Jarid2"
"Lifr","Kdm1a"
"Lifr","Kdm4c"
"Lifr","Klf4"
"Lifr","Lif"
"Lin28a","Actb"
"Lin28a","Bmi1"
"Lin28a","Bmp4"
"Lin28a","Bmp7"
"Lin28a","Bmpr1a"
"Lin28a","Cd34"
"Lin28a","Cdh2"
"Lin28a","Cdk2"
"Lin28a","Cldn6"
"Lin28a","Ctcf"
"Lin28a","Ctnnb1"
"Lin28a","Dnmt1"
"Lin28a","Dnmt3b"
"Lin28a","Dppa4"
"Lin28a","Eomes"
"Lin28a","Esrrb"
"Lin28a","Ezh2"
"Lin28a","Fbxo15"
"Lin28a","Fgf4"
"Lin28a","Fgf5"
"Lin28a","Fgfr2"
"Lin28a","Foxa2"
"Lin28a","Gapdh"
"Lin28a","Gdf3"
"Lin28a","Gli2"
"Lin28a","Grb2"
"Lin28a","Gsk3b"
"Lin28a","Hdac1"
"Lin28a","Hes1"
"Lin28a","Igf2"
"Lin28a","Jag1"
"Lin28a","Jarid2"
"Lin28a","Kdm1a"
"Lin28a","Kdm4c"
"Lin28a","Klf4"
"Lin28a","Lif"
"Lin28a","Lifr"
"Mbd3","Actb"
"Mbd3","Bmi1"
"Mbd3","Bmp4"
"Mbd3","Bmp7"
"Mbd3","Bmpr1a"
"Mbd3","Cd34"
"Mbd3","Cdh2"
"Mbd3","Cdk2"
"Mbd3","Cldn6"
"Mbd3","Ctcf"
"Mbd3","Ctnnb1"
"Mbd3","Dnmt1"
"Mbd3","Dnmt3b"
"Mbd3","Dppa4"
"Mbd3","Eomes"
"Mbd3","Esrrb"
"Mbd3","Ezh2"
"Mbd3","Fbxo15"
"Mbd3","Fgf4"
"Mbd3","Fgf5"
"Mbd3","Fgfr2"
"Mbd3","Foxa2"
"Mbd3","Gapdh"
"Mbd3","Gdf3"
"Mbd3","Gli2"
"Mbd3","Grb2"
"Mbd3","Gsk3b"
"Mbd3","Hdac1"
"Mbd3","Hes1"
"Mbd3","Igf2"
"Mbd3","Jag1"
"Mbd3","Jarid2"
"Mbd3","Kdm1a"
"Mbd3","Kdm4c"
"Mbd3","Klf4"
"Mbd3","Lif"
"Mbd3","Lifr"
"Mbd3","Lin28a"
"Mef2a","Actb"
"Mef2a","Bmi1"
"Mef2a","Bmp4"
"Mef2a","Bmp7"
"Mef2a","Bmpr1a"
"Mef2a","Cd34"
"Mef2a","Cdh2"
"Mef2a","Cdk2"
"Mef2a","Cldn6"
"Mef2a","Ctcf"
"Mef2a","Ctnnb1"
"Mef2a","Dnmt1"
"Mef2a","Dnmt3b"
"Mef2a","Dppa4"
"Mef2a","Eomes"
"Mef2a","Esrrb"
"Mef2a","Ezh2"
"Mef2a","Fbxo15"
"Mef2a","Fgf4"
"Mef2a","Fgf5"
"Mef2a","Fgfr2"
"Mef2a","Foxa2"
"Mef2a","Gapdh"
"Mef2a","Gdf3"
"Mef2a","Gli2"
"Mef2a","Grb2"
"Mef2a","Gsk3b"
"Mef2a","Hdac1"
"Mef2a","Hes1"
"Mef2a","Igf2"
"Mef2a","Jag1"
"Mef2a","Jarid2"
"Mef2a","Kdm1a"
"Mef2a","Kdm4c"
"Mef2a","Klf4"
"Mef2a","Lif"
"Mef2a","Lifr"
"Mef2a","Lin28a"
"Mef2a","Mbd3"
"Mki67ip","Actb"
"Mki67ip","Bmi1"
"Mki67ip","Bmp4"
"Mki67ip","Bmp7"
"Mki67ip","Bmpr1a"
"Mki67ip","Cd34"
"Mki67ip","Cdh2"
"Mki67ip","Cdk2"
"Mki67ip","Cldn6"
"Mki67ip","Ctcf"
"Mki67ip","Ctnnb1"
"Mki67ip","Dnmt1"
"Mki67ip","Dnmt3b"
"Mki67ip","Dppa4"
"Mki67ip","Eomes"
"Mki67ip","Esrrb"
"Mki67ip","Ezh2"
"Mki67ip","Fbxo15"
"Mki67ip","Fgf4"
"Mki67ip","Fgf5"
"Mki67ip","Fgfr2"
"Mki67ip","Foxa2"
"Mki67ip","Gapdh"
"Mki67ip","Gdf3"
"Mki67ip","Gli2"
"Mki67ip","Grb2"
"Mki67ip","Gsk3b"
"Mki67ip","Hdac1"
"Mki67ip","Hes1"
"Mki67ip","Igf2"
"Mki67ip","Jag1"
"Mki67ip","Jarid2"
"Mki67ip","Kdm1a"
"Mki67ip","Kdm4c"
"Mki67ip","Klf4"
"Mki67ip","Lif"
"Mki67ip","Lifr"
"Mki67ip","Lin28a"
"Mki67ip","Mbd3"
"Mki67ip","Mef2a"
"Myc","Actb"
"Myc","Bmi1"
"Myc","Bmp4"
"Myc","Bmp7"
"Myc","Bmpr1a"
"Myc","Cd34"
"Myc","Cdh2"
"Myc","Cdk2"
"Myc","Cldn6"
"Myc","Ctcf"
"Myc","Ctnnb1"
"Myc","Dnmt1"
"Myc","Dnmt3b"
"Myc","Dppa4"
"Myc","Eomes"
"Myc","Esrrb"
"Myc","Ezh2"
"Myc","Fbxo15"
"Myc","Fgf4"
"Myc","Fgf5"
"Myc","Fgfr2"
"Myc","Foxa2"
"Myc","Gapdh"
"Myc","Gdf3"
"Myc","Gli2"
"Myc","Grb2"
"Myc","Gsk3b"
"Myc","Hdac1"
"Myc","Hes1"
"Myc","Igf2"
"Myc","Jag1"
"Myc","Jarid2"
"Myc","Kdm1a"
"Myc","Kdm4c"
"Myc","Klf4"
"Myc","Lif"
"Myc","Lifr"
"Myc","Lin28a"
"Myc","Mbd3"
"Myc","Mef2a"
"Myc","Mki67ip"
"Myst3","Actb"
"Myst3","Bmi1"
"Myst3","Bmp4"
"Myst3","Bmp7"
"Myst3","Bmpr1a"
"Myst3","Cd34"
"Myst3","Cdh2"
"Myst3","Cdk2"
"Myst3","Cldn6"
"Myst3","Ctcf"
"Myst3","Ctnnb1"
"Myst3","Dnmt1"
"Myst3","Dnmt3b"
"Myst3","Dppa4"
"Myst3","Eomes"
"Myst3","Esrrb"
"Myst3","Ezh2"
"Myst3","Fbxo15"
"Myst3","Fgf4"
"Myst3","Fgf5"
"Myst3","Fgfr2"
"Myst3","Foxa2"
"Myst3","Gapdh"
"Myst3","Gdf3"
"Myst3","Gli2"
"Myst3","Grb2"
"Myst3","Gsk3b"
"Myst3","Hdac1"
"Myst3","Hes1"
"Myst3","Igf2"
"Myst3","Jag1"
"Myst3","Jarid2"
"Myst3","Kdm1a"
"Myst3","Kdm4c"
"Myst3","Klf4"
"Myst3","Lif"
"Myst3","Lifr"
"Myst3","Lin28a"
"Myst3","Mbd3"
"Myst3","Mef2a"
"Myst3","Mki67ip"
"Myst3","Myc"
"Nanog","Actb"
"Nanog","Bmi1"
"Nanog","Bmp4"
"Nanog","Bmp7"
"Nanog","Bmpr1a"
"Nanog","Cd34"
"Nanog","Cdh2"
"Nanog","Cdk2"
"Nanog","Cldn6"
"Nanog","Ctcf"
"Nanog","Ctnnb1"
"Nanog","Dnmt1"
"Nanog","Dnmt3b"
"Nanog","Dppa4"
"Nanog","Eomes"
"Nanog","Esrrb"
"Nanog","Ezh2"
"Nanog","Fbxo15"
"Nanog","Fgf4"
"Nanog","Fgf5"
"Nanog","Fgfr2"
"Nanog","Foxa2"
"Nanog","Gapdh"
"Nanog","Gdf3"
"Nanog","Gli2"
"Nanog","Grb2"
"Nanog","Gsk3b"
"Nanog","Hdac1"
"Nanog","Hes1"
"Nanog","Igf2"
"Nanog","Jag1"
"Nanog","Jarid2"
"Nanog","Kdm1a"
"Nanog","Kdm4c"
"Nanog","Klf4"
"Nanog","Lif"
"Nanog","Lifr"
"Nanog","Lin28a"
"Nanog","Mbd3"
"Nanog","Mef2a"
"Nanog","Mki67ip"
"Nanog","Myc"
"Nanog","Myst3"
"Nestin","Actb"
"Nestin","Bmi1"
"Nestin","Bmp4"
"Nestin","Bmp7"
"Nestin","Bmpr1a"
"Nestin","Cd34"
"Nestin","Cdh2"
"Nestin","Cdk2"
"Nestin","Cldn6"
"Nestin","Ctcf"
"Nestin","Ctnnb1"
"Nestin","Dnmt1"
"Nestin","Dnmt3b"
"Nestin","Dppa4"
"Nestin","Eomes"
"Nestin","Esrrb"
"Nestin","Ezh2"
"Nestin","Fbxo15"
"Nestin","Fgf4"
"Nestin","Fgf5"
"Nestin","Fgfr2"
"Nestin","Foxa2"
"Nestin","Gapdh"
"Nestin","Gdf3"
"Nestin","Gli2"
"Nestin","Grb2"
"Nestin","Gsk3b"
"Nestin","Hdac1"
"Nestin","Hes1"
"Nestin","Igf2"
"Nestin","Jag1"
"Nestin","Jarid2"
"Nestin","Kdm1a"
"Nestin","Kdm4c"
"Nestin","Klf4"
"Nestin","Lif"
"Nestin","Lifr"
"Nestin","Lin28a"
"Nestin","Mbd3"
"Nestin","Mef2a"
"Nestin","Mki67ip"
"Nestin","Myc"
"Nestin","Myst3"
"Nestin","Nanog"
"Notch1","Actb"
"Notch1","Bmi1"
"Notch1","Bmp4"
"Notch1","Bmp7"
"Notch1","Bmpr1a"
"Notch1","Cd34"
"Notch1","Cdh2"
"Notch1","Cdk2"
"Notch1","Cldn6"
"Notch1","Ctcf"
"Notch1","Ctnnb1"
"Notch1","Dnmt1"
"Notch1","Dnmt3b"
"Notch1","Dppa4"
"Notch1","Eomes"
"Notch1","Esrrb"
"Notch1","Ezh2"
"Notch1","Fbxo15"
"Notch1","Fgf4"
"Notch1","Fgf5"
"Notch1","Fgfr2"
"Notch1","Foxa2"
"Notch1","Gapdh"
"Notch1","Gdf3"
"Notch1","Gli2"
"Notch1","Grb2"
"Notch1","Gsk3b"
"Notch1","Hdac1"
"Notch1","Hes1"
"Notch1","Igf2"
"Notch1","Jag1"
"Notch1","Jarid2"
"Notch1","Kdm1a"
"Notch1","Kdm4c"
"Notch1","Klf4"
"Notch1","Lif"
"Notch1","Lifr"
"Notch1","Lin28a"
"Notch1","Mbd3"
"Notch1","Mef2a"
"Notch1","Mki67ip"
"Notch1","Myc"
"Notch1","Myst3"
"Notch1","Nanog"
"Notch1","Nestin"
"Nr0b1","Actb"
"Nr0b1","Bmi1"
"Nr0b1","Bmp4"
"Nr0b1","Bmp7"
"Nr0b1","Bmpr1a"
"Nr0b1","Cd34"
"Nr0b1","Cdh2"
"Nr0b1","Cdk2"
"Nr0b1","Cldn6"
"Nr0b1","Ctcf"
"Nr0b1","Ctnnb1"
"Nr0b1","Dnmt1"
"Nr0b1","Dnmt3b"
"Nr0b1","Dppa4"
"Nr0b1","Eomes"
"Nr0b1","Esrrb"
"Nr0b1","Ezh2"
"Nr0b1","Fbxo15"
"Nr0b1","Fgf4"
"Nr0b1","Fgf5"
"Nr0b1","Fgfr2"
"Nr0b1","Foxa2"
"Nr0b1","Gapdh"
"Nr0b1","Gdf3"
"Nr0b1","Gli2"
"Nr0b1","Grb2"
"Nr0b1","Gsk3b"
"Nr0b1","Hdac1"
"Nr0b1","Hes1"
"Nr0b1","Igf2"
"Nr0b1","Jag1"
"Nr0b1","Jarid2"
"Nr0b1","Kdm1a"
"Nr0b1","Kdm4c"
"Nr0b1","Klf4"
"Nr0b1","Lif"
"Nr0b1","Lifr"
"Nr0b1","Lin28a"
"Nr0b1","Mbd3"
"Nr0b1","Mef2a"
"Nr0b1","Mki67ip"
"Nr0b1","Myc"
"Nr0b1","Myst3"
"Nr0b1","Nanog"
"Nr0b1","Nestin"
"Nr0b1","Notch1"
"Nr5a2","Actb"
"Nr5a2","Bmi1"
"Nr5a2","Bmp4"
"Nr5a2","Bmp7"
"Nr5a2","Bmpr1a"
"Nr5a2","Cd34"
"Nr5a2","Cdh2"
"Nr5a2","Cdk2"
"Nr5a2","Cldn6"
"Nr5a2","Ctcf"
"Nr5a2","Ctnnb1"
"Nr5a2","Dnmt1"
"Nr5a2","Dnmt3b"
"Nr5a2","Dppa4"
"Nr5a2","Eomes"
"Nr5a2","Esrrb"
"Nr5a2","Ezh2"
"Nr5a2","Fbxo15"
"Nr5a2","Fgf4"
"Nr5a2","Fgf5"
"Nr5a2","Fgfr2"
"Nr5a2","Foxa2"
"Nr5a2","Gapdh"
"Nr5a2","Gdf3"
"Nr5a2","Gli2"
"Nr5a2","Grb2"
"Nr5a2","Gsk3b"
"Nr5a2","Hdac1"
"Nr5a2","Hes1"
"Nr5a2","Igf2"
"Nr5a2","Jag1"
"Nr5a2","Jarid2"
"Nr5a2","Kdm1a"
"Nr5a2","Kdm4c"
"Nr5a2","Klf4"
"Nr5a2","Lif"
"Nr5a2","Lifr"
"Nr5a2","Lin28a"
"Nr5a2","Mbd3"
"Nr5a2","Mef2a"
"Nr5a2","Mki67ip"
"Nr5a2","Myc"
"Nr5a2","Myst3"
"Nr5a2","Nanog"
"Nr5a2","Nestin"
"Nr5a2","Notch1"
"Nr5a2","Nr0b1"
"Nr6a1","Actb"
"Nr6a1","Bmi1"
"Nr6a1","Bmp4"
"Nr6a1","Bmp7"
"Nr6a1","Bmpr1a"
"Nr6a1","Cd34"
"Nr6a1","Cdh2"
"Nr6a1","Cdk2"
"Nr6a1","Cldn6"
"Nr6a1","Ctcf"
"Nr6a1","Ctnnb1"
"Nr6a1","Dnmt1"
"Nr6a1","Dnmt3b"
"Nr6a1","Dppa4"
"Nr6a1","Eomes"
"Nr6a1","Esrrb"
"Nr6a1","Ezh2"
"Nr6a1","Fbxo15"
"Nr6a1","Fgf4"
"Nr6a1","Fgf5"
"Nr6a1","Fgfr2"
"Nr6a1","Foxa2"
"Nr6a1","Gapdh"
"Nr6a1","Gdf3"
"Nr6a1","Gli2"
"Nr6a1","Grb2"
"Nr6a1","Gsk3b"
"Nr6a1","Hdac1"
"Nr6a1","Hes1"
"Nr6a1","Igf2"
"Nr6a1","Jag1"
"Nr6a1","Jarid2"
"Nr6a1","Kdm1a"
"Nr6a1","Kdm4c"
"Nr6a1","Klf4"
"Nr6a1","Lif"
"Nr6a1","Lifr"
"Nr6a1","Lin28a"
"Nr6a1","Mbd3"
"Nr6a1","Mef2a"
"Nr6a1","Mki67ip"
"Nr6a1","Myc"
"Nr6a1","Myst3"
"Nr6a1","Nanog"
"Nr6a1","Nestin"
"Nr6a1","Notch1"
"Nr6a1","Nr0b1"
"Nr6a1","Nr5a2"
"Otx2","Actb"
"Otx2","Bmi1"
"Otx2","Bmp4"
"Otx2","Bmp7"
"Otx2","Bmpr1a"
"Otx2","Cd34"
"Otx2","Cdh2"
"Otx2","Cdk2"
"Otx2","Cldn6"
"Otx2","Ctcf"
"Otx2","Ctnnb1"
"Otx2","Dnmt1"
"Otx2","Dnmt3b"
"Otx2","Dppa4"
"Otx2","Eomes"
"Otx2","Esrrb"
"Otx2","Ezh2"
"Otx2","Fbxo15"
"Otx2","Fgf4"
"Otx2","Fgf5"
"Otx2","Fgfr2"
"Otx2","Foxa2"
"Otx2","Gapdh"
"Otx2","Gdf3"
"Otx2","Gli2"
"Otx2","Grb2"
"Otx2","Gsk3b"
"Otx2","Hdac1"
"Otx2","Hes1"
"Otx2","Igf2"
"Otx2","Jag1"
"Otx2","Jarid2"
"Otx2","Kdm1a"
"Otx2","Kdm4c"
"Otx2","Klf4"
"Otx2","Lif"
"Otx2","Lifr"
"Otx2","Lin28a"
"Otx2","Mbd3"
"Otx2","Mef2a"
"Otx2","Mki67ip"
"Otx2","Myc"
"Otx2","Myst3"
"Otx2","Nanog"
"Otx2","Nestin"
"Otx2","Notch1"
"Otx2","Nr0b1"
"Otx2","Nr5a2"
"Otx2","Nr6a1"
"Pax6","Actb"
"Pax6","Bmi1"
"Pax6","Bmp4"
"Pax6","Bmp7"
"Pax6","Bmpr1a"
"Pax6","Cd34"
"Pax6","Cdh2"
"Pax6","Cdk2"
"Pax6","Cldn6"
"Pax6","Ctcf"
"Pax6","Ctnnb1"
"Pax6","Dnmt1"
"Pax6","Dnmt3b"
"Pax6","Dppa4"
"Pax6","Eomes"
"Pax6","Esrrb"
"Pax6","Ezh2"
"Pax6","Fbxo15"
"Pax6","Fgf4"
"Pax6","Fgf5"
"Pax6","Fgfr2"
"Pax6","Foxa2"
"Pax6","Gapdh"
"Pax6","Gdf3"
"Pax6","Gli2"
"Pax6","Grb2"
"Pax6","Gsk3b"
"Pax6","Hdac1"
"Pax6","Hes1"
"Pax6","Igf2"
"Pax6","Jag1"
"Pax6","Jarid2"
"Pax6","Kdm1a"
"Pax6","Kdm4c"
"Pax6","Klf4"
"Pax6","Lif"
"Pax6","Lifr"
"Pax6","Lin28a"
"Pax6","Mbd3"
"Pax6","Mef2a"
"Pax6","Mki67ip"
"Pax6","Myc"
"Pax6","Myst3"
"Pax6","Nanog"
"Pax6","Nestin"
"Pax6","Notch1"
"Pax6","Nr0b1"
"Pax6","Nr5a2"
"Pax6","Nr6a1"
"Pax6","Otx2"
"Pou5f1","Actb"
"Pou5f1","Bmi1"
"Pou5f1","Bmp4"
"Pou5f1","Bmp7"
"Pou5f1","Bmpr1a"
"Pou5f1","Cd34"
"Pou5f1","Cdh2"
"Pou5f1","Cdk2"
"Pou5f1","Cldn6"
"Pou5f1","Ctcf"
"Pou5f1","Ctnnb1"
"Pou5f1","Dnmt1"
"Pou5f1","Dnmt3b"
"Pou5f1","Dppa4"
"Pou5f1","Eomes"
"Pou5f1","Esrrb"
"Pou5f1","Ezh2"
"Pou5f1","Fbxo15"
"Pou5f1","Fgf4"
"Pou5f1","Fgf5"
"Pou5f1","Fgfr2"
"Pou5f1","Foxa2"
"Pou5f1","Gapdh"
"Pou5f1","Gdf3"
"Pou5f1","Gli2"
"Pou5f1","Grb2"
"Pou5f1","Gsk3b"
"Pou5f1","Hdac1"
"Pou5f1","Hes1"
"Pou5f1","Igf2"
"Pou5f1","Jag1"
"Pou5f1","Jarid2"
"Pou5f1","Kdm1a"
"Pou5f1","Kdm4c"
"Pou5f1","Klf4"
"Pou5f1","Lif"
"Pou5f1","Lifr"
"Pou5f1","Lin28a"
"Pou5f1","Mbd3"
"Pou5f1","Mef2a"
"Pou5f1","Mki67ip"
"Pou5f1","Myc"
"Pou5f1","Myst3"
"Pou5f1","Nanog"
"Pou5f1","Nestin"
"Pou5f1","Notch1"
"Pou5f1","Nr0b1"
"Pou5f1","Nr5a2"
"Pou5f1","Nr6a1"
"Pou5f1","Otx2"
"Pou5f1","Pax6"
"Prmt6","Actb"
"Prmt6","Bmi1"
"Prmt6","Bmp4"
"Prmt6","Bmp7"
"Prmt6","Bmpr1a"
"Prmt6","Cd34"
"Prmt6","Cdh2"
"Prmt6","Cdk2"
"Prmt6","Cldn6"
"Prmt6","Ctcf"
"Prmt6","Ctnnb1"
"Prmt6","Dnmt1"
"Prmt6","Dnmt3b"
"Prmt6","Dppa4"
"Prmt6","Eomes"
"Prmt6","Esrrb"
"Prmt6","Ezh2"
"Prmt6","Fbxo15"
"Prmt6","Fgf4"
"Prmt6","Fgf5"
"Prmt6","Fgfr2"
"Prmt6","Foxa2"
"Prmt6","Gapdh"
"Prmt6","Gdf3"
"Prmt6","Gli2"
"Prmt6","Grb2"
"Prmt6","Gsk3b"
"Prmt6","Hdac1"
"Prmt6","Hes1"
"Prmt6","Igf2"
"Prmt6","Jag1"
"Prmt6","Jarid2"
"Prmt6","Kdm1a"
"Prmt6","Kdm4c"
"Prmt6","Klf4"
"Prmt6","Lif"
"Prmt6","Lifr"
"Prmt6","Lin28a"
"Prmt6","Mbd3"
"Prmt6","Mef2a"
"Prmt6","Mki67ip"
"Prmt6","Myc"
"Prmt6","Myst3"
"Prmt6","Nanog"
"Prmt6","Nestin"
"Prmt6","Notch1"
"Prmt6","Nr0b1"
"Prmt6","Nr5a2"
"Prmt6","Nr6a1"
"Prmt6","Otx2"
"Prmt6","Pax6"
"Prmt6","Pou5f1"
"Prmt7","Actb"
"Prmt7","Bmi1"
"Prmt7","Bmp4"
"Prmt7","Bmp7"
"Prmt7","Bmpr1a"
"Prmt7","Cd34"
"Prmt7","Cdh2"
"Prmt7","Cdk2"
"Prmt7","Cldn6"
"Prmt7","Ctcf"
"Prmt7","Ctnnb1"
"Prmt7","Dnmt1"
"Prmt7","Dnmt3b"
"Prmt7","Dppa4"
"Prmt7","Eomes"
"Prmt7","Esrrb"
"Prmt7","Ezh2"
"Prmt7","Fbxo15"
"Prmt7","Fgf4"
"Prmt7","Fgf5"
"Prmt7","Fgfr2"
"Prmt7","Foxa2"
"Prmt7","Gapdh"
"Prmt7","Gdf3"
"Prmt7","Gli2"
"Prmt7","Grb2"
"Prmt7","Gsk3b"
"Prmt7","Hdac1"
"Prmt7","Hes1"
"Prmt7","Igf2"
"Prmt7","Jag1"
"Prmt7","Jarid2"
"Prmt7","Kdm1a"
"Prmt7","Kdm4c"
"Prmt7","Klf4"
"Prmt7","Lif"
"Prmt7","Lifr"
"Prmt7","Lin28a"
"Prmt7","Mbd3"
"Prmt7","Mef2a"
"Prmt7","Mki67ip"
"Prmt7","Myc"
"Prmt7","Myst3"
"Prmt7","Nanog"
"Prmt7","Nestin"
"Prmt7","Notch1"
"Prmt7","Nr0b1"
"Prmt7","Nr5a2"
"Prmt7","Nr6a1"
"Prmt7","Otx2"
"Prmt7","Pax6"
"Prmt7","Pou5f1"
"Prmt7","Prmt6"
"Ptpn11","Actb"
"Ptpn11","Bmi1"
"Ptpn11","Bmp4"
"Ptpn11","Bmp7"
"Ptpn11","Bmpr1a"
"Ptpn11","Cd34"
"Ptpn11","Cdh2"
"Ptpn11","Cdk2"
"Ptpn11","Cldn6"
"Ptpn11","Ctcf"
"Ptpn11","Ctnnb1"
"Ptpn11","Dnmt1"
"Ptpn11","Dnmt3b"
"Ptpn11","Dppa4"
"Ptpn11","Eomes"
"Ptpn11","Esrrb"
"Ptpn11","Ezh2"
"Ptpn11","Fbxo15"
"Ptpn11","Fgf4"
"Ptpn11","Fgf5"
"Ptpn11","Fgfr2"
"Ptpn11","Foxa2"
"Ptpn11","Gapdh"
"Ptpn11","Gdf3"
"Ptpn11","Gli2"
"Ptpn11","Grb2"
"Ptpn11","Gsk3b"
"Ptpn11","Hdac1"
"Ptpn11","Hes1"
"Ptpn11","Igf2"
"Ptpn11","Jag1"
"Ptpn11","Jarid2"
"Ptpn11","Kdm1a"
"Ptpn11","Kdm4c"
"Ptpn11","Klf4"
"Ptpn11","Lif"
"Ptpn11","Lifr"
"Ptpn11","Lin28a"
"Ptpn11","Mbd3"
"Ptpn11","Mef2a"
"Ptpn11","Mki67ip"
"Ptpn11","Myc"
"Ptpn11","Myst3"
"Ptpn11","Nanog"
"Ptpn11","Nestin"
"Ptpn11","Notch1"
"Ptpn11","Nr0b1"
"Ptpn11","Nr5a2"
"Ptpn11","Nr6a1"
"Ptpn11","Otx2"
"Ptpn11","Pax6"
"Ptpn11","Pou5f1"
"Ptpn11","Prmt6"
"Ptpn11","Prmt7"
"Rai1","Actb"
"Rai1","Bmi1"
"Rai1","Bmp4"
"Rai1","Bmp7"
"Rai1","Bmpr1a"
"Rai1","Cd34"
"Rai1","Cdh2"
"Rai1","Cdk2"
"Rai1","Cldn6"
"Rai1","Ctcf"
"Rai1","Ctnnb1"
"Rai1","Dnmt1"
"Rai1","Dnmt3b"
"Rai1","Dppa4"
"Rai1","Eomes"
"Rai1","Esrrb"
"Rai1","Ezh2"
"Rai1","Fbxo15"
"Rai1","Fgf4"
"Rai1","Fgf5"
"Rai1","Fgfr2"
"Rai1","Foxa2"
"Rai1","Gapdh"
"Rai1","Gdf3"
"Rai1","Gli2"
"Rai1","Grb2"
"Rai1","Gsk3b"
"Rai1","Hdac1"
"Rai1","Hes1"
"Rai1","Igf2"
"Rai1","Jag1"
"Rai1","Jarid2"
"Rai1","Kdm1a"
"Rai1","Kdm4c"
"Rai1","Klf4"
"Rai1","Lif"
"Rai1","Lifr"
"Rai1","Lin28a"
"Rai1","Mbd3"
"Rai1","Mef2a"
"Rai1","Mki67ip"
"Rai1","Myc"
"Rai1","Myst3"
"Rai1","Nanog"
"Rai1","Nestin"
"Rai1","Notch1"
"Rai1","Nr0b1"
"Rai1","Nr5a2"
"Rai1","Nr6a1"
"Rai1","Otx2"
"Rai1","Pax6"
"Rai1","Pou5f1"
"Rai1","Prmt6"
"Rai1","Prmt7"
"Rai1","Ptpn11"
"Rcc1","Actb"
"Rcc1","Bmi1"
"Rcc1","Bmp4"
"Rcc1","Bmp7"
"Rcc1","Bmpr1a"
"Rcc1","Cd34"
"Rcc1","Cdh2"
"Rcc1","Cdk2"
"Rcc1","Cldn6"
"Rcc1","Ctcf"
"Rcc1","Ctnnb1"
"Rcc1","Dnmt1"
"Rcc1","Dnmt3b"
"Rcc1","Dppa4"
"Rcc1","Eomes"
"Rcc1","Esrrb"
"Rcc1","Ezh2"
"Rcc1","Fbxo15"
"Rcc1","Fgf4"
"Rcc1","Fgf5"
"Rcc1","Fgfr2"
"Rcc1","Foxa2"
"Rcc1","Gapdh"
"Rcc1","Gdf3"
"Rcc1","Gli2"
"Rcc1","Grb2"
"Rcc1","Gsk3b"
"Rcc1","Hdac1"
"Rcc1","Hes1"
"Rcc1","Igf2"
"Rcc1","Jag1"
"Rcc1","Jarid2"
"Rcc1","Kdm1a"
"Rcc1","Kdm4c"
"Rcc1","Klf4"
"Rcc1","Lif"
"Rcc1","Lifr"
"Rcc1","Lin28a"
"Rcc1","Mbd3"
"Rcc1","Mef2a"
"Rcc1","Mki67ip"
"Rcc1","Myc"
"Rcc1","Myst3"
"Rcc1","Nanog"
"Rcc1","Nestin"
"Rcc1","Notch1"
"Rcc1","Nr0b1"
"Rcc1","Nr5a2"
"Rcc1","Nr6a1"
"Rcc1","Otx2"
"Rcc1","Pax6"
"Rcc1","Pou5f1"
"Rcc1","Prmt6"
"Rcc1","Prmt7"
"Rcc1","Ptpn11"
"Rcc1","Rai1"
"Rest","Actb"
"Rest","Bmi1"
"Rest","Bmp4"
"Rest","Bmp7"
"Rest","Bmpr1a"
"Rest","Cd34"
"Rest","Cdh2"
"Rest","Cdk2"
"Rest","Cldn6"
"Rest","Ctcf"
"Rest","Ctnnb1"
"Rest","Dnmt1"
"Rest","Dnmt3b"
"Rest","Dppa4"
"Rest","Eomes"
"Rest","Esrrb"
"Rest","Ezh2"
"Rest","Fbxo15"
"Rest","Fgf4"
"Rest","Fgf5"
"Rest","Fgfr2"
"Rest","Foxa2"
"Rest","Gapdh"
"Rest","Gdf3"
"Rest","Gli2"
"Rest","Grb2"
"Rest","Gsk3b"
"Rest","Hdac1"
"Rest","Hes1"
"Rest","Igf2"
"Rest","Jag1"
"Rest","Jarid2"
"Rest","Kdm1a"
"Rest","Kdm4c"
"Rest","Klf4"
"Rest","Lif"
"Rest","Lifr"
"Rest","Lin28a"
"Rest","Mbd3"
"Rest","Mef2a"
"Rest","Mki67ip"
"Rest","Myc"
"Rest","Myst3"
"Rest","Nanog"
"Rest","Nestin"
"Rest","Notch1"
"Rest","Nr0b1"
"Rest","Nr5a2"
"Rest","Nr6a1"
"Rest","Otx2"
"Rest","Pax6"
"Rest","Pou5f1"
"Rest","Prmt6"
"Rest","Prmt7"
"Rest","Ptpn11"
"Rest","Rai1"
"Rest","Rcc1"
"Sall4","Actb"
"Sall4","Bmi1"
"Sall4","Bmp4"
"Sall4","Bmp7"
"Sall4","Bmpr1a"
"Sall4","Cd34"
"Sall4","Cdh2"
"Sall4","Cdk2"
"Sall4","Cldn6"
"Sall4","Ctcf"
"Sall4","Ctnnb1"
"Sall4","Dnmt1"
"Sall4","Dnmt3b"
"Sall4","Dppa4"
"Sall4","Eomes"
"Sall4","Esrrb"
"Sall4","Ezh2"
"Sall4","Fbxo15"
"Sall4","Fgf4"
"Sall4","Fgf5"
"Sall4","Fgfr2"
"Sall4","Foxa2"
"Sall4","Gapdh"
"Sall4","Gdf3"
"Sall4","Gli2"
"Sall4","Grb2"
"Sall4","Gsk3b"
"Sall4","Hdac1"
"Sall4","Hes1"
"Sall4","Igf2"
"Sall4","Jag1"
"Sall4","Jarid2"
"Sall4","Kdm1a"
"Sall4","Kdm4c"
"Sall4","Klf4"
"Sall4","Lif"
"Sall4","Lifr"
"Sall4","Lin28a"
"Sall4","Mbd3"
"Sall4","Mef2a"
"Sall4","Mki67ip"
"Sall4","Myc"
"Sall4","Myst3"
"Sall4","Nanog"
"Sall4","Nestin"
"Sall4","Notch1"
"Sall4","Nr0b1"
"Sall4","Nr5a2"
"Sall4","Nr6a1"
"Sall4","Otx2"
"Sall4","Pax6"
"Sall4","Pou5f1"
"Sall4","Prmt6"
"Sall4","Prmt7"
"Sall4","Ptpn11"
"Sall4","Rai1"
"Sall4","Rcc1"
"Sall4","Rest"
"Setdb1","Actb"
"Setdb1","Bmi1"
"Setdb1","Bmp4"
"Setdb1","Bmp7"
"Setdb1","Bmpr1a"
"Setdb1","Cd34"
"Setdb1","Cdh2"
"Setdb1","Cdk2"
"Setdb1","Cldn6"
"Setdb1","Ctcf"
"Setdb1","Ctnnb1"
"Setdb1","Dnmt1"
"Setdb1","Dnmt3b"
"Setdb1","Dppa4"
"Setdb1","Eomes"
"Setdb1","Esrrb"
"Setdb1","Ezh2"
"Setdb1","Fbxo15"
"Setdb1","Fgf4"
"Setdb1","Fgf5"
"Setdb1","Fgfr2"
"Setdb1","Foxa2"
"Setdb1","Gapdh"
"Setdb1","Gdf3"
"Setdb1","Gli2"
"Setdb1","Grb2"
"Setdb1","Gsk3b"
"Setdb1","Hdac1"
"Setdb1","Hes1"
"Setdb1","Igf2"
"Setdb1","Jag1"
"Setdb1","Jarid2"
"Setdb1","Kdm1a"
"Setdb1","Kdm4c"
"Setdb1","Klf4"
"Setdb1","Lif"
"Setdb1","Lifr"
"Setdb1","Lin28a"
"Setdb1","Mbd3"
"Setdb1","Mef2a"
"Setdb1","Mki67ip"
"Setdb1","Myc"
"Setdb1","Myst3"
"Setdb1","Nanog"
"Setdb1","Nestin"
"Setdb1","Notch1"
"Setdb1","Nr0b1"
"Setdb1","Nr5a2"
"Setdb1","Nr6a1"
"Setdb1","Otx2"
"Setdb1","Pax6"
"Setdb1","Pou5f1"
"Setdb1","Prmt6"
"Setdb1","Prmt7"
"Setdb1","Ptpn11"
"Setdb1","Rai1"
"Setdb1","Rcc1"
"Setdb1","Rest"
"Setdb1","Sall4"
"Smad1","Actb"
"Smad1","Bmi1"
"Smad1","Bmp4"
"Smad1","Bmp7"
"Smad1","Bmpr1a"
"Smad1","Cd34"
"Smad1","Cdh2"
"Smad1","Cdk2"
"Smad1","Cldn6"
"Smad1","Ctcf"
"Smad1","Ctnnb1"
"Smad1","Dnmt1"
"Smad1","Dnmt3b"
"Smad1","Dppa4"
"Smad1","Eomes"
"Smad1","Esrrb"
"Smad1","Ezh2"
"Smad1","Fbxo15"
"Smad1","Fgf4"
"Smad1","Fgf5"
"Smad1","Fgfr2"
"Smad1","Foxa2"
"Smad1","Gapdh"
"Smad1","Gdf3"
"Smad1","Gli2"
"Smad1","Grb2"
"Smad1","Gsk3b"
"Smad1","Hdac1"
"Smad1","Hes1"
"Smad1","Igf2"
"Smad1","Jag1"
"Smad1","Jarid2"
"Smad1","Kdm1a"
"Smad1","Kdm4c"
"Smad1","Klf4"
"Smad1","Lif"
"Smad1","Lifr"
"Smad1","Lin28a"
"Smad1","Mbd3"
"Smad1","Mef2a"
"Smad1","Mki67ip"
"Smad1","Myc"
"Smad1","Myst3"
"Smad1","Nanog"
"Smad1","Nestin"
"Smad1","Notch1"
"Smad1","Nr0b1"
"Smad1","Nr5a2"
"Smad1","Nr6a1"
"Smad1","Otx2"
"Smad1","Pax6"
"Smad1","Pou5f1"
"Smad1","Prmt6"
"Smad1","Prmt7"
"Smad1","Ptpn11"
"Smad1","Rai1"
"Smad1","Rcc1"
"Smad1","Rest"
"Smad1","Sall4"
"Smad1","Setdb1"
"Smarcc1","Actb"
"Smarcc1","Bmi1"
"Smarcc1","Bmp4"
"Smarcc1","Bmp7"
"Smarcc1","Bmpr1a"
"Smarcc1","Cd34"
"Smarcc1","Cdh2"
"Smarcc1","Cdk2"
"Smarcc1","Cldn6"
"Smarcc1","Ctcf"
"Smarcc1","Ctnnb1"
"Smarcc1","Dnmt1"
"Smarcc1","Dnmt3b"
"Smarcc1","Dppa4"
"Smarcc1","Eomes"
"Smarcc1","Esrrb"
"Smarcc1","Ezh2"
"Smarcc1","Fbxo15"
"Smarcc1","Fgf4"
"Smarcc1","Fgf5"
"Smarcc1","Fgfr2"
"Smarcc1","Foxa2"
"Smarcc1","Gapdh"
"Smarcc1","Gdf3"
"Smarcc1","Gli2"
"Smarcc1","Grb2"
"Smarcc1","Gsk3b"
"Smarcc1","Hdac1"
"Smarcc1","Hes1"
"Smarcc1","Igf2"
"Smarcc1","Jag1"
"Smarcc1","Jarid2"
"Smarcc1","Kdm1a"
"Smarcc1","Kdm4c"
"Smarcc1","Klf4"
"Smarcc1","Lif"
"Smarcc1","Lifr"
"Smarcc1","Lin28a"
"Smarcc1","Mbd3"
"Smarcc1","Mef2a"
"Smarcc1","Mki67ip"
"Smarcc1","Myc"
"Smarcc1","Myst3"
"Smarcc1","Nanog"
"Smarcc1","Nestin"
"Smarcc1","Notch1"
"Smarcc1","Nr0b1"
"Smarcc1","Nr5a2"
"Smarcc1","Nr6a1"
"Smarcc1","Otx2"
"Smarcc1","Pax6"
"Smarcc1","Pou5f1"
"Smarcc1","Prmt6"
"Smarcc1","Prmt7"
"Smarcc1","Ptpn11"
"Smarcc1","Rai1"
"Smarcc1","Rcc1"
"Smarcc1","Rest"
"Smarcc1","Sall4"
"Smarcc1","Setdb1"
"Smarcc1","Smad1"
"Socs3","Actb"
"Socs3","Bmi1"
"Socs3","Bmp4"
"Socs3","Bmp7"
"Socs3","Bmpr1a"
"Socs3","Cd34"
"Socs3","Cdh2"
"Socs3","Cdk2"
"Socs3","Cldn6"
"Socs3","Ctcf"
"Socs3","Ctnnb1"
"Socs3","Dnmt1"
"Socs3","Dnmt3b"
"Socs3","Dppa4"
"Socs3","Eomes"
"Socs3","Esrrb"
"Socs3","Ezh2"
"Socs3","Fbxo15"
"Socs3","Fgf4"
"Socs3","Fgf5"
"Socs3","Fgfr2"
"Socs3","Foxa2"
"Socs3","Gapdh"
"Socs3","Gdf3"
"Socs3","Gli2"
"Socs3","Grb2"
"Socs3","Gsk3b"
"Socs3","Hdac1"
"Socs3","Hes1"
"Socs3","Igf2"
"Socs3","Jag1"
"Socs3","Jarid2"
"Socs3","Kdm1a"
"Socs3","Kdm4c"
"Socs3","Klf4"
"Socs3","Lif"
"Socs3","Lifr"
"Socs3","Lin28a"
"Socs3","Mbd3"
"Socs3","Mef2a"
"Socs3","Mki67ip"
"Socs3","Myc"
"Socs3","Myst3"
"Socs3","Nanog"
"Socs3","Nestin"
"Socs3","Notch1"
"Socs3","Nr0b1"
"Socs3","Nr5a2"
"Socs3","Nr6a1"
"Socs3","Otx2"
"Socs3","Pax6"
"Socs3","Pou5f1"
"Socs3","Prmt6"
"Socs3","Prmt7"
"Socs3","Ptpn11"
"Socs3","Rai1"
"Socs3","Rcc1"
"Socs3","Rest"
"Socs3","Sall4"
"Socs3","Setdb1"
"Socs3","Smad1"
"Socs3","Smarcc1"
"Sox2","Actb"
"Sox2","Bmi1"
"Sox2","Bmp4"
"Sox2","Bmp7"
"Sox2","Bmpr1a"
"Sox2","Cd34"
"Sox2","Cdh2"
"Sox2","Cdk2"
"Sox2","Cldn6"
"Sox2","Ctcf"
"Sox2","Ctnnb1"
"Sox2","Dnmt1"
"Sox2","Dnmt3b"
"Sox2","Dppa4"
"Sox2","Eomes"
"Sox2","Esrrb"
"Sox2","Ezh2"
"Sox2","Fbxo15"
"Sox2","Fgf4"
"Sox2","Fgf5"
"Sox2","Fgfr2"
"Sox2","Foxa2"
"Sox2","Gapdh"
"Sox2","Gdf3"
"Sox2","Gli2"
"Sox2","Grb2"
"Sox2","Gsk3b"
"Sox2","Hdac1"
"Sox2","Hes1"
"Sox2","Igf2"
"Sox2","Jag1"
"Sox2","Jarid2"
"Sox2","Kdm1a"
"Sox2","Kdm4c"
"Sox2","Klf4"
"Sox2","Lif"
"Sox2","Lifr"
"Sox2","Lin28a"
"Sox2","Mbd3"
"Sox2","Mef2a"
"Sox2","Mki67ip"
"Sox2","Myc"
"Sox2","Myst3"
"Sox2","Nanog"
"Sox2","Nestin"
"Sox2","Notch1"
"Sox2","Nr0b1"
"Sox2","Nr5a2"
"Sox2","Nr6a1"
"Sox2","Otx2"
"Sox2","Pax6"
"Sox2","Pou5f1"
"Sox2","Prmt6"
"Sox2","Prmt7"
"Sox2","Ptpn11"
"Sox2","Rai1"
"Sox2","Rcc1"
"Sox2","Rest"
"Sox2","Sall4"
"Sox2","Setdb1"
"Sox2","Smad1"
"Sox2","Smarcc1"
"Sox2","Socs3"
"Stat3","Actb"
"Stat3","Bmi1"
"Stat3","Bmp4"
"Stat3","Bmp7"
"Stat3","Bmpr1a"
"Stat3","Cd34"
"Stat3","Cdh2"
"Stat3","Cdk2"
"Stat3","Cldn6"
"Stat3","Ctcf"
"Stat3","Ctnnb1"
"Stat3","Dnmt1"
"Stat3","Dnmt3b"
"Stat3","Dppa4"
"Stat3","Eomes"
"Stat3","Esrrb"
"Stat3","Ezh2"
"Stat3","Fbxo15"
"Stat3","Fgf4"
"Stat3","Fgf5"
"Stat3","Fgfr2"
"Stat3","Foxa2"
"Stat3","Gapdh"
"Stat3","Gdf3"
"Stat3","Gli2"
"Stat3","Grb2"
"Stat3","Gsk3b"
"Stat3","Hdac1"
"Stat3","Hes1"
"Stat3","Igf2"
"Stat3","Jag1"
"Stat3","Jarid2"
"Stat3","Kdm1a"
"Stat3","Kdm4c"
"Stat3","Klf4"
"Stat3","Lif"
"Stat3","Lifr"
"Stat3","Lin28a"
"Stat3","Mbd3"
"Stat3","Mef2a"
"Stat3","Mki67ip"
"Stat3","Myc"
"Stat3","Myst3"
"Stat3","Nanog"
"Stat3","Nestin"
"Stat3","Notch1"
"Stat3","Nr0b1"
"Stat3","Nr5a2"
"Stat3","Nr6a1"
"Stat3","Otx2"
"Stat3","Pax6"
"Stat3","Pou5f1"
"Stat3","Prmt6"
"Stat3","Prmt7"
"Stat3","Ptpn11"
"Stat3","Rai1"
"Stat3","Rcc1"
"Stat3","Rest"
"Stat3","Sall4"
"Stat3","Setdb1"
"Stat3","Smad1"
"Stat3","Smarcc1"
"Stat3","Socs3"
"Stat3","Sox2"
"Tbx3","Actb"
"Tbx3","Bmi1"
"Tbx3","Bmp4"
"Tbx3","Bmp7"
"Tbx3","Bmpr1a"
"Tbx3","Cd34"
"Tbx3","Cdh2"
"Tbx3","Cdk2"
"Tbx3","Cldn6"
"Tbx3","Ctcf"
"Tbx3","Ctnnb1"
"Tbx3","Dnmt1"
"Tbx3","Dnmt3b"
"Tbx3","Dppa4"
"Tbx3","Eomes"
"Tbx3","Esrrb"
"Tbx3","Ezh2"
"Tbx3","Fbxo15"
"Tbx3","Fgf4"
"Tbx3","Fgf5"
"Tbx3","Fgfr2"
"Tbx3","Foxa2"
"Tbx3","Gapdh"
"Tbx3","Gdf3"
"Tbx3","Gli2"
"Tbx3","Grb2"
"Tbx3","Gsk3b"
"Tbx3","Hdac1"
"Tbx3","Hes1"
"Tbx3","Igf2"
"Tbx3","Jag1"
"Tbx3","Jarid2"
"Tbx3","Kdm1a"
"Tbx3","Kdm4c"
"Tbx3","Klf4"
"Tbx3","Lif"
"Tbx3","Lifr"
"Tbx3","Lin28a"
"Tbx3","Mbd3"
"Tbx3","Mef2a"
"Tbx3","Mki67ip"
"Tbx3","Myc"
"Tbx3","Myst3"
"Tbx3","Nanog"
"Tbx3","Nestin"
"Tbx3","Notch1"
"Tbx3","Nr0b1"
"Tbx3","Nr5a2"
"Tbx3","Nr6a1"
"Tbx3","Otx2"
"Tbx3","Pax6"
"Tbx3","Pou5f1"
"Tbx3","Prmt6"
"Tbx3","Prmt7"
"Tbx3","Ptpn11"
"Tbx3","Rai1"
"Tbx3","Rcc1"
"Tbx3","Rest"
"Tbx3","Sall4"
"Tbx3","Setdb1"
"Tbx3","Smad1"
"Tbx3","Smarcc1"
"Tbx3","Socs3"
"Tbx3","Sox2"
"Tbx3","Stat3"
"Tcf7l1","Actb"
"Tcf7l1","Bmi1"
"Tcf7l1","Bmp4"
"Tcf7l1","Bmp7"
"Tcf7l1","Bmpr1a"
"Tcf7l1","Cd34"
"Tcf7l1","Cdh2"
"Tcf7l1","Cdk2"
"Tcf7l1","Cldn6"
"Tcf7l1","Ctcf"
"Tcf7l1","Ctnnb1"
"Tcf7l1","Dnmt1"
"Tcf7l1","Dnmt3b"
"Tcf7l1","Dppa4"
"Tcf7l1","Eomes"
"Tcf7l1","Esrrb"
"Tcf7l1","Ezh2"
"Tcf7l1","Fbxo15"
"Tcf7l1","Fgf4"
"Tcf7l1","Fgf5"
"Tcf7l1","Fgfr2"
"Tcf7l1","Foxa2"
"Tcf7l1","Gapdh"
"Tcf7l1","Gdf3"
"Tcf7l1","Gli2"
"Tcf7l1","Grb2"
"Tcf7l1","Gsk3b"
"Tcf7l1","Hdac1"
"Tcf7l1","Hes1"
"Tcf7l1","Igf2"
"Tcf7l1","Jag1"
"Tcf7l1","Jarid2"
"Tcf7l1","Kdm1a"
"Tcf7l1","Kdm4c"
"Tcf7l1","Klf4"
"Tcf7l1","Lif"
"Tcf7l1","Lifr"
"Tcf7l1","Lin28a"
"Tcf7l1","Mbd3"
"Tcf7l1","Mef2a"
"Tcf7l1","Mki67ip"
"Tcf7l1","Myc"
"Tcf7l1","Myst3"
"Tcf7l1","Nanog"
"Tcf7l1","Nestin"
"Tcf7l1","Notch1"
"Tcf7l1","Nr0b1"
"Tcf7l1","Nr5a2"
"Tcf7l1","Nr6a1"
"Tcf7l1","Otx2"
"Tcf7l1","Pax6"
"Tcf7l1","Pou5f1"
"Tcf7l1","Prmt6"
"Tcf7l1","Prmt7"
"Tcf7l1","Ptpn11"
"Tcf7l1","Rai1"
"Tcf7l1","Rcc1"
"Tcf7l1","Rest"
"Tcf7l1","Sall4"
"Tcf7l1","Setdb1"
"Tcf7l1","Smad1"
"Tcf7l1","Smarcc1"
"Tcf7l1","Socs3"
"Tcf7l1","Sox2"
"Tcf7l1","Stat3"
"Tcf7l1","Tbx3"
"Trp53","Actb"
"Trp53","Bmi1"
"Trp53","Bmp4"
"Trp53","Bmp7"
"Trp53","Bmpr1a"
"Trp53","Cd34"
"Trp53","Cdh2"
"Trp53","Cdk2"
"Trp53","Cldn6"
"Trp53","Ctcf"
"Trp53","Ctnnb1"
"Trp53","Dnmt1"
"Trp53","Dnmt3b"
"Trp53","Dppa4"
"Trp53","Eomes"
"Trp53","Esrrb"
"Trp53","Ezh2"
"Trp53","Fbxo15"
"Trp53","Fgf4"
"Trp53","Fgf5"
"Trp53","Fgfr2"
"Trp53","Foxa2"
"Trp53","Gapdh"
"Trp53","Gdf3"
"Trp53","Gli2"
"Trp53","Grb2"
"Trp53","Gsk3b"
"Trp53","Hdac1"
"Trp53","Hes1"
"Trp53","Igf2"
"Trp53","Jag1"
"Trp53","Jarid2"
"Trp53","Kdm1a"
"Trp53","Kdm4c"
"Trp53","Klf4"
"Trp53","Lif"
"Trp53","Lifr"
"Trp53","Lin28a"
"Trp53","Mbd3"
"Trp53","Mef2a"
"Trp53","Mki67ip"
"Trp53","Myc"
"Trp53","Myst3"
"Trp53","Nanog"
"Trp53","Nestin"
"Trp53","Notch1"
"Trp53","Nr0b1"
"Trp53","Nr5a2"
"Trp53","Nr6a1"
"Trp53","Otx2"
"Trp53","Pax6"
"Trp53","Pou5f1"
"Trp53","Prmt6"
"Trp53","Prmt7"
"Trp53","Ptpn11"
"Trp53","Rai1"
"Trp53","Rcc1"
"Trp53","Rest"
"Trp53","Sall4"
"Trp53","Setdb1"
"Trp53","Smad1"
"Trp53","Smarcc1"
"Trp53","Socs3"
"Trp53","Sox2"
"Trp53","Stat3"
"Trp53","Tbx3"
"Trp53","Tcf7l1"
"Tubb3","Actb"
"Tubb3","Bmi1"
"Tubb3","Bmp4"
"Tubb3","Bmp7"
"Tubb3","Bmpr1a"
"Tubb3","Cd34"
"Tubb3","Cdh2"
"Tubb3","Cdk2"
"Tubb3","Cldn6"
"Tubb3","Ctcf"
"Tubb3","Ctnnb1"
"Tubb3","Dnmt1"
"Tubb3","Dnmt3b"
"Tubb3","Dppa4"
"Tubb3","Eomes"
"Tubb3","Esrrb"
"Tubb3","Ezh2"
"Tubb3","Fbxo15"
"Tubb3","Fgf4"
"Tubb3","Fgf5"
"Tubb3","Fgfr2"
"Tubb3","Foxa2"
"Tubb3","Gapdh"
"Tubb3","Gdf3"
"Tubb3","Gli2"
"Tubb3","Grb2"
"Tubb3","Gsk3b"
"Tubb3","Hdac1"
"Tubb3","Hes1"
"Tubb3","Igf2"
"Tubb3","Jag1"
"Tubb3","Jarid2"
"Tubb3","Kdm1a"
"Tubb3","Kdm4c"
"Tubb3","Klf4"
"Tubb3","Lif"
"Tubb3","Lifr"
"Tubb3","Lin28a"
"Tubb3","Mbd3"
"Tubb3","Mef2a"
"Tubb3","Mki67ip"
"Tubb3","Myc"
"Tubb3","Myst3"
"Tubb3","Nanog"
"Tubb3","Nestin"
"Tubb3","Notch1"
"Tubb3","Nr0b1"
"Tubb3","Nr5a2"
"Tubb3","Nr6a1"
"Tubb3","Otx2"
"Tubb3","Pax6"
"Tubb3","Pou5f1"
"Tubb3","Prmt6"
"Tubb3","Prmt7"
"Tubb3","Ptpn11"
"Tubb3","Rai1"
"Tubb3","Rcc1"
"Tubb3","Rest"
"Tubb3","Sall4"
"Tubb3","Setdb1"
"Tubb3","Smad1"
"Tubb3","Smarcc1"
"Tubb3","Socs3"
"Tubb3","Sox2"
"Tubb3","Stat3"
"Tubb3","Tbx3"
"Tubb3","Tcf7l1"
"Tubb3","Trp53"
"Utf1","Actb"
"Utf1","Bmi1"
"Utf1","Bmp4"
"Utf1","Bmp7"
"Utf1","Bmpr1a"
"Utf1","Cd34"
"Utf1","Cdh2"
"Utf1","Cdk2"
"Utf1","Cldn6"
"Utf1","Ctcf"
"Utf1","Ctnnb1"
"Utf1","Dnmt1"
"Utf1","Dnmt3b"
"Utf1","Dppa4"
"Utf1","Eomes"
"Utf1","Esrrb"
"Utf1","Ezh2"
"Utf1","Fbxo15"
"Utf1","Fgf4"
"Utf1","Fgf5"
"Utf1","Fgfr2"
"Utf1","Foxa2"
"Utf1","Gapdh"
"Utf1","Gdf3"
"Utf1","Gli2"
"Utf1","Grb2"
"Utf1","Gsk3b"
"Utf1","Hdac1"
"Utf1","Hes1"
"Utf1","Igf2"
"Utf1","Jag1"
"Utf1","Jarid2"
"Utf1","Kdm1a"
"Utf1","Kdm4c"
"Utf1","Klf4"
"Utf1","Lif"
"Utf1","Lifr"
"Utf1","Lin28a"
"Utf1","Mbd3"
"Utf1","Mef2a"
"Utf1","Mki67ip"
"Utf1","Myc"
"Utf1","Myst3"
"Utf1","Nanog"
"Utf1","Nestin"
"Utf1","Notch1"
"Utf1","Nr0b1"
"Utf1","Nr5a2"
"Utf1","Nr6a1"
"Utf1","Otx2"
"Utf1","Pax6"
"Utf1","Pou5f1"
"Utf1","Prmt6"
"Utf1","Prmt7"
"Utf1","Ptpn11"
"Utf1","Rai1"
"Utf1","Rcc1"
"Utf1","Rest"
"Utf1","Sall4"
"Utf1","Setdb1"
"Utf1","Smad1"
"Utf1","Smarcc1"
"Utf1","Socs3"
"Utf1","Sox2"
"Utf1","Stat3"
"Utf1","Tbx3"
"Utf1","Tcf7l1"
"Utf1","Trp53"
"Utf1","Tubb3"
"Vim","Actb"
"Vim","Bmi1"
"Vim","Bmp4"
"Vim","Bmp7"
"Vim","Bmpr1a"
"Vim","Cd34"
"Vim","Cdh2"
"Vim","Cdk2"
"Vim","Cldn6"
"Vim","Ctcf"
"Vim","Ctnnb1"
"Vim","Dnmt1"
"Vim","Dnmt3b"
"Vim","Dppa4"
"Vim","Eomes"
"Vim","Esrrb"
"Vim","Ezh2"
"Vim","Fbxo15"
"Vim","Fgf4"
"Vim","Fgf5"
"Vim","Fgfr2"
"Vim","Foxa2"
"Vim","Gapdh"
"Vim","Gdf3"
"Vim","Gli2"
"Vim","Grb2"
"Vim","Gsk3b"
"Vim","Hdac1"
"Vim","Hes1"
"Vim","Igf2"
"Vim","Jag1"
"Vim","Jarid2"
"Vim","Kdm1a"
"Vim","Kdm4c"
"Vim","Klf4"
"Vim","Lif"
"Vim","Lifr"
"Vim","Lin28a"
"Vim","Mbd3"
"Vim","Mef2a"
"Vim","Mki67ip"
"Vim","Myc"
"Vim","Myst3"
"Vim","Nanog"
"Vim","Nestin"
"Vim","Notch1"
"Vim","Nr0b1"
"Vim","Nr5a2"
"Vim","Nr6a1"
"Vim","Otx2"
"Vim","Pax6"
"Vim","Pou5f1"
"Vim","Prmt6"
"Vim","Prmt7"
"Vim","Ptpn11"
"Vim","Rai1"
"Vim","Rcc1"
"Vim","Rest"
"Vim","Sall4"
"Vim","Setdb1"
"Vim","Smad1"
"Vim","Smarcc1"
"Vim","Socs3"
"Vim","Sox2"
"Vim","Stat3"
"Vim","Tbx3"
"Vim","Tcf7l1"
"Vim","Trp53"
"Vim","Tubb3"
"Vim","Utf1"
"Wdr5","Actb"
"Wdr5","Bmi1"
"Wdr5","Bmp4"
"Wdr5","Bmp7"
"Wdr5","Bmpr1a"
"Wdr5","Cd34"
"Wdr5","Cdh2"
"Wdr5","Cdk2"
"Wdr5","Cldn6"
"Wdr5","Ctcf"
"Wdr5","Ctnnb1"
"Wdr5","Dnmt1"
"Wdr5","Dnmt3b"
"Wdr5","Dppa4"
"Wdr5","Eomes"
"Wdr5","Esrrb"
"Wdr5","Ezh2"
"Wdr5","Fbxo15"
"Wdr5","Fgf4"
"Wdr5","Fgf5"
"Wdr5","Fgfr2"
"Wdr5","Foxa2"
"Wdr5","Gapdh"
"Wdr5","Gdf3"
"Wdr5","Gli2"
"Wdr5","Grb2"
"Wdr5","Gsk3b"
"Wdr5","Hdac1"
"Wdr5","Hes1"
"Wdr5","Igf2"
"Wdr5","Jag1"
"Wdr5","Jarid2"
"Wdr5","Kdm1a"
"Wdr5","Kdm4c"
"Wdr5","Klf4"
"Wdr5","Lif"
"Wdr5","Lifr"
"Wdr5","Lin28a"
"Wdr5","Mbd3"
"Wdr5","Mef2a"
"Wdr5","Mki67ip"
"Wdr5","Myc"
"Wdr5","Myst3"
"Wdr5","Nanog"
"Wdr5","Nestin"
"Wdr5","Notch1"
"Wdr5","Nr0b1"
"Wdr5","Nr5a2"
"Wdr5","Nr6a1"
"Wdr5","Otx2"
"Wdr5","Pax6"
"Wdr5","Pou5f1"
"Wdr5","Prmt6"
"Wdr5","Prmt7"
"Wdr5","Ptpn11"
"Wdr5","Rai1"
"Wdr5","Rcc1"
"Wdr5","Rest"
"Wdr5","Sall4"
"Wdr5","Setdb1"
"Wdr5","Smad1"
"Wdr5","Smarcc1"
"Wdr5","Socs3"
"Wdr5","Sox2"
"Wdr5","Stat3"
"Wdr5","Tbx3"
"Wdr5","Tcf7l1"
"Wdr5","Trp53"
"Wdr5","Tubb3"
"Wdr5","Utf1"
"Wdr5","Vim"
"Zfp281","Actb"
"Zfp281","Bmi1"
"Zfp281","Bmp4"
"Zfp281","Bmp7"
"Zfp281","Bmpr1a"
"Zfp281","Cd34"
"Zfp281","Cdh2"
"Zfp281","Cdk2"
"Zfp281","Cldn6"
"Zfp281","Ctcf"
"Zfp281","Ctnnb1"
"Zfp281","Dnmt1"
"Zfp281","Dnmt3b"
"Zfp281","Dppa4"
"Zfp281","Eomes"
"Zfp281","Esrrb"
"Zfp281","Ezh2"
"Zfp281","Fbxo15"
"Zfp281","Fgf4"
"Zfp281","Fgf5"
"Zfp281","Fgfr2"
"Zfp281","Foxa2"
"Zfp281","Gapdh"
"Zfp281","Gdf3"
"Zfp281","Gli2"
"Zfp281","Grb2"
"Zfp281","Gsk3b"
"Zfp281","Hdac1"
"Zfp281","Hes1"
"Zfp281","Igf2"
"Zfp281","Jag1"
"Zfp281","Jarid2"
"Zfp281","Kdm1a"
"Zfp281","Kdm4c"
"Zfp281","Klf4"
"Zfp281","Lif"
"Zfp281","Lifr"
"Zfp281","Lin28a"
"Zfp281","Mbd3"
"Zfp281","Mef2a"
"Zfp281","Mki67ip"
"Zfp281","Myc"
"Zfp281","Myst3"
"Zfp281","Nanog"
"Zfp281","Nestin"
"Zfp281","Notch1"
"Zfp281","Nr0b1"
"Zfp281","Nr5a2"
"Zfp281","Nr6a1"
"Zfp281","Otx2"
"Zfp281","Pax6"
"Zfp281","Pou5f1"
"Zfp281","Prmt6"
"Zfp281","Prmt7"
"Zfp281","Ptpn11"
"Zfp281","Rai1"
"Zfp281","Rcc1"
"Zfp281","Rest"
"Zfp281","Sall4"
"Zfp281","Setdb1"
"Zfp281","Smad1"
"Zfp281","Smarcc1"
"Zfp281","Socs3"
"Zfp281","Sox2"
"Zfp281","Stat3"
"Zfp281","Tbx3"
"Zfp281","Tcf7l1"
"Zfp281","Trp53"
"Zfp281","Tubb3"
"Zfp281","Utf1"
"Zfp281","Vim"
"Zfp281","Wdr5"
"Zfp42","Actb"
"Zfp42","Bmi1"
"Zfp42","Bmp4"
"Zfp42","Bmp7"
"Zfp42","Bmpr1a"
"Zfp42","Cd34"
"Zfp42","Cdh2"
"Zfp42","Cdk2"
"Zfp42","Cldn6"
"Zfp42","Ctcf"
"Zfp42","Ctnnb1"
"Zfp42","Dnmt1"
"Zfp42","Dnmt3b"
"Zfp42","Dppa4"
"Zfp42","Eomes"
"Zfp42","Esrrb"
"Zfp42","Ezh2"
"Zfp42","Fbxo15"
"Zfp42","Fgf4"
"Zfp42","Fgf5"
"Zfp42","Fgfr2"
"Zfp42","Foxa2"
"Zfp42","Gapdh"
"Zfp42","Gdf3"
"Zfp42","Gli2"
"Zfp42","Grb2"
"Zfp42","Gsk3b"
"Zfp42","Hdac1"
"Zfp42","Hes1"
"Zfp42","Igf2"
"Zfp42","Jag1"
"Zfp42","Jarid2"
"Zfp42","Kdm1a"
"Zfp42","Kdm4c"
"Zfp42","Klf4"
"Zfp42","Lif"
"Zfp42","Lifr"
"Zfp42","Lin28a"
"Zfp42","Mbd3"
"Zfp42","Mef2a"
"Zfp42","Mki67ip"
"Zfp42","Myc"
"Zfp42","Myst3"
"Zfp42","Nanog"
"Zfp42","Nestin"
"Zfp42","Notch1"
"Zfp42","Nr0b1"
"Zfp42","Nr5a2"
"Zfp42","Nr6a1"
"Zfp42","Otx2"
"Zfp42","Pax6"
"Zfp42","Pou5f1"
"Zfp42","Prmt6"
"Zfp42","Prmt7"
"Zfp42","Ptpn11"
"Zfp42","Rai1"
"Zfp42","Rcc1"
"Zfp42","Rest"
"Zfp42","Sall4"
"Zfp42","Setdb1"
"Zfp42","Smad1"
"Zfp42","Smarcc1"
"Zfp42","Socs3"
"Zfp42","Sox2"
"Zfp42","Stat3"
"Zfp42","Tbx3"
"Zfp42","Tcf7l1"
"Zfp42","Trp53"
"Zfp42","Tubb3"
"Zfp42","Utf1"
"Zfp42","Vim"
"Zfp42","Wdr5"
"Zfp42","Zfp281"
